Size,Time
1000000,0.00296
40960000,0.014326
80920000,0.02011
120880000,0.024616
160840000,0.028603
200800000,0.035222
240760000,0.039574
280720000,0.042341
320680000,0.044977
360640000,0.047709
400600000,0.050288
440560000,0.052388
480520000,0.049207
520480000,0.050927
560440000,0.052855
600400000,0.0552
640360000,0.05646
680320000,0.058713
720280000,0.059881
760240000,0.061553
800200000,0.063103
840160000,0.065165
880120000,0.066945
920080000,0.067663
960040000,0.069142
