Size,Time
1000000,0.001444
40960000,0.001539
80920000,0.001362
120880000,0.00149
160840000,0.001575
200800000,0.002023
240760000,0.001903
280720000,0.001893
320680000,0.001635
360640000,0.001627
