Size,Time
1000000,0.001411
40960000,0.001402
80920000,0.00131
120880000,0.001355
160840000,0.001528
200800000,0.00166
240760000,0.001333
280720000,0.001603
320680000,0.001575
360640000,0.001417
