Size,Time
1000000,0.00082
40960000,0.00073
80920000,0.00051
120880000,0.00073
160840000,0.00044
200800000,0.00074
240760000,0.000491
280720000,0.00064
320680000,0.0005
360640000,0.00081
