Size,Time
1000000,0.00053
40960000,0.00051
80920000,0.00062
120880000,0.00045
160840000,0.00035
200800000,0.00045
240760000,0.00037
280720000,0.00055
320680000,0.0004
360640000,0.00037
