Size,Time
1000000,0.00056
40960000,0.00048
80920000,0.00043
120880000,0.00047
160840000,0.0006
200800000,0.00057
240760000,0.00062
280720000,0.00065
320680000,0.0007
360640000,0.00063
