Size,Time
1000000,0.000979
40960000,0.000944
80920000,0.000863
120880000,0.000785
160840000,0.001044
200800000,0.000916
240760000,0.00099
280720000,0.000993
320680000,0.001178
360640000,0.00079
