Size,Time
1000000,0.001196
40960000,0.001463
80920000,0.001199
120880000,0.001546
160840000,0.001138
200800000,0.001432
240760000,0.001192
280720000,0.001788
320680000,0.001189
360640000,0.001322
