Size,Time
1000000,0.0003
40960000,0.00036
80920000,0.00034
120880000,0.00034
160840000,0.00033
200800000,0.00033
240760000,0.00034
280720000,0.00035
320680000,0.00034
360640000,0.00034
