Size,Time
1000000,0.00032
40960000,0.000382
80920000,0.00035
120880000,0.00034
160840000,0.000361
200800000,0.000355
240760000,0.000352
280720000,0.000376
320680000,0.000368
360640000,0.000365
400600000,0.000367
440560000,0.000366
480520000,0.00037
520480000,0.000369
560440000,0.000388
600400000,0.000383
640360000,0.000379
680320000,0.00038
720280000,0.000377
760240000,0.000382
800200000,0.000376
840160000,0.000382
880120000,0.000376
920080000,0.000375
960040000,0.000376
