Size,Time
1000000,0.001144
40960000,0.001124
80920000,0.00135
120880000,0.000773
160840000,0.000539
200800000,0.000752
240760000,0.000582
280720000,0.000782
320680000,0.000568
360640000,0.000613
