Size,Time
1000000,0.00026
40960000,0.00025
80920000,0.00024
120880000,0.00024
160840000,0.00024
200800000,0.00024
240760000,0.00025
280720000,0.00023
320680000,0.00024
360640000,0.00023
