Size,Time
1000000,0.00889
40960000,0.01374
80920000,0.01952
120880000,0.026711
160840000,0.02746
200800000,0.03294
240760000,0.03329
280720000,0.037661
320680000,0.04035
360640000,0.04277
