Size,Time
1000000,0.007237
40960000,0.01803
80920000,0.024973
120880000,0.031475
160840000,0.036777
200800000,0.040741
240760000,0.045315
280720000,0.04817
320680000,0.052564
360640000,0.05536
